[
    {
        "email": "admin",
        "nome": "admin",
        "login": "admin",
        "senha": "admin",
        "confirmacaoSenha": "admin"
    },
    {
        "email": "bruno@bruno.com",
        "nome": "Bruno Luiz Fhynbeen",
        "login": "fhynbeen",
        "senha": "2698",
        "confirmacaoSenha": "2698"
    },
    {
        "email": "leticia@leticia",
        "nome": "Leticia santos",
        "login": "leleka",
        "senha": "leleka",
        "confirmacaoSenha": "leleka"
    },
    {
        "email": "melrulim@melrulim",
        "nome": "melrulim silva",
        "login": "melrulim",
        "senha": "mel",
        "confirmacaoSenha": "mel"
    },
    {
        "name": "fgdasfgda",
        "email": "asfdsad",
        "number": "5c00b0c05476d"
    }
]