{
    "0": {
        "email": "admin",
        "nome": "admin",
        "login": "admin",
        "senha": "admin",
        "confirmacaoSenha": "admin"
    },
    "1": {
        "email": "bruno@bruno.com",
        "nome": "Bruno Luiz Fhynbeen",
        "login": "fhynbeen",
        "senha": "2698",
        "confirmacaoSenha": "2698"
    },
    "3": {
        "email": "melrulim@melrulim",
        "nome": "melrulim silva",
        "login": "melrulim",
        "senha": "mel",
        "confirmacaoSenha": "mel"
    },
    "4": {
        "name": "fgdasfgda",
        "email": "asfdsad",
        "number": "5c00b0c05476d"
    }
}